{"v":"5.5.10","fr":20,"ip":0,"op":90,"w":300,"h":300,"nm":"brac1-01","ddd":0,"assets":[],"layers":[{"ddd":0,"ind":1,"ty":4,"nm":"Layer 11 Outlines","sr":1,"ks":{"o":{"a":0,"k":100,"ix":11},"r":{"a":0,"k":0,"ix":10},"p":{"a":0,"k":[157.261,174.888,0],"ix":2},"a":{"a":0,"k":[132.793,87.112,0],"ix":1},"s":{"a":0,"k":[100,100,100],"ix":6}},"ao":0,"shapes":[{"ty":"gr","it":[{"ind":0,"ty":"sh","ix":1,"ks":{"a":1,"k":[{"i":{"x":0.667,"y":1},"o":{"x":0.333,"y":0},"t":20,"s":[{"i":[[4.684,0],[0,0],[-1.955,6.734],[0,0],[-4.684,0],[0,0],[1.955,-6.734],[0,0]],"o":[[0,0],[-7.012,0],[0,0],[1.305,-4.498],[0,0],[7.013,0],[0,0],[-1.305,4.498]],"v":[[69.739,64.612],[-98.227,64.612],[-108.337,51.151],[-108.411,-57.019],[-98.301,-64.612],[69.665,-64.612],[79.775,-51.151],[79.848,57.019]],"c":true}]},{"t":30,"s":[{"i":[[4.684,0],[0,0],[-1.955,6.734],[0,0],[-4.684,0],[0,0],[1.955,-6.734],[0,0]],"o":[[0,0],[-7.012,0],[0,0],[1.305,-4.498],[0,0],[7.013,0],[0,0],[-1.305,4.498]],"v":[[69.739,64.612],[-98.227,64.612],[-108.337,51.151],[-79.848,-57.019],[-69.738,-64.612],[98.228,-64.612],[108.338,-51.151],[79.848,57.019]],"c":true}]}],"ix":2},"nm":"Path 1","mn":"ADBE Vector Shape - Group","hd":false},{"ty":"st","c":{"a":0,"k":[0.23921568627450981,0.30196078431372547,0.5254901960784314,1],"ix":3},"o":{"a":0,"k":100,"ix":4},"w":{"a":0,"k":9,"ix":5},"lc":1,"lj":1,"ml":10,"bm":0,"nm":"Stroke 1","mn":"ADBE Vector Graphic - Stroke","hd":false},{"ty":"tr","p":{"a":0,"k":[132.792,87.112],"ix":2},"a":{"a":0,"k":[0,0],"ix":1},"s":{"a":0,"k":[100,100],"ix":3},"r":{"a":0,"k":0,"ix":6},"o":{"a":0,"k":100,"ix":7},"sk":{"a":0,"k":0,"ix":4},"sa":{"a":0,"k":0,"ix":5},"nm":"Transform"}],"nm":"Group 1","np":2,"cix":2,"bm":0,"ix":1,"mn":"ADBE Vector Group","hd":false},{"ty":"tm","s":{"a":0,"k":0,"ix":1},"e":{"a":1,"k":[{"i":{"x":[0.5],"y":[1]},"o":{"x":[0.167],"y":[0.167]},"t":0,"s":[0]},{"t":20,"s":[100]}],"ix":2},"o":{"a":0,"k":0,"ix":3},"m":1,"ix":2,"nm":"Trim In Path","mn":"ADBE Vector Filter - Trim","hd":false}],"ip":0,"op":90,"st":0,"bm":0},{"ddd":0,"ind":2,"ty":4,"nm":"Layer 1 Outlines","sr":1,"ks":{"o":{"a":0,"k":100,"ix":11},"r":{"a":0,"k":0,"ix":10},"p":{"a":0,"k":[143,148.736,0],"ix":2},"a":{"a":0,"k":[117,102.736,0],"ix":1},"s":{"a":0,"k":[100,100,100],"ix":6}},"ao":0,"shapes":[{"ty":"gr","it":[{"ind":0,"ty":"sh","ix":1,"ks":{"a":0,"k":{"i":[[0,0],[0,0],[5.814,0],[0,0],[1.972,1.953],[0,0],[2.775,0],[0,0],[0,-5.814],[0,0],[0,0],[0,0]],"o":[[0,0],[0,-5.814],[0,0],[-2.775,0],[0,0],[-1.972,-1.952],[0,0],[-5.814,0],[0,0],[0,0],[0,0],[0,0]],"v":[[94.5,-38.46],[94.5,-48.709],[83.973,-59.236],[27.957,-59.236],[20.548,-62.285],[5.505,-77.188],[-1.904,-80.236],[-83.973,-80.236],[-94.5,-69.709],[-94.5,-58.999],[-94.5,-38.96],[-94.5,80.236]],"c":false},"ix":2},"nm":"Path 1","mn":"ADBE Vector Shape - Group","hd":false},{"ty":"st","c":{"a":0,"k":[0.23921568627450981,0.30196078431372547,0.5254901960784314,1],"ix":3},"o":{"a":0,"k":100,"ix":4},"w":{"a":0,"k":9,"ix":5},"lc":1,"lj":1,"ml":10,"bm":0,"nm":"Stroke 1","mn":"ADBE Vector Graphic - Stroke","hd":false},{"ty":"tr","p":{"a":0,"k":[117,102.736],"ix":2},"a":{"a":0,"k":[0,0],"ix":1},"s":{"a":0,"k":[100,100],"ix":3},"r":{"a":0,"k":0,"ix":6},"o":{"a":0,"k":100,"ix":7},"sk":{"a":0,"k":0,"ix":4},"sa":{"a":0,"k":0,"ix":5},"nm":"Transform"}],"nm":"Group 1","np":2,"cix":2,"bm":0,"ix":1,"mn":"ADBE Vector Group","hd":false},{"ty":"tm","s":{"a":0,"k":100,"ix":1},"e":{"a":0,"k":0,"ix":2},"o":{"a":0,"k":0,"ix":3},"m":1,"ix":2,"nm":"Trim Out Path","mn":"ADBE Vector Filter - Trim","hd":false},{"ty":"tm","s":{"a":0,"k":0,"ix":1},"e":{"a":1,"k":[{"i":{"x":[0.5],"y":[1]},"o":{"x":[0.167],"y":[0.167]},"t":5,"s":[0]},{"t":25,"s":[100]}],"ix":2},"o":{"a":0,"k":0,"ix":3},"m":1,"ix":3,"nm":"Trim In Path","mn":"ADBE Vector Filter - Trim","hd":false}],"ip":5,"op":95,"st":5,"bm":0}],"markers":[]}